"LineKey","RecKey","DateModified","FormType","FormDate","Direction","Measure","LineLengthAmount","SpacingIntervalAmount","SpacingType","HeightOption","HeightUOM","ShowCheckbox","CheckboxLabel","Notes","ShowShrubShape","DateLoadedInDb","LowerHerbHeights","HAF_Other","PrimaryKey","DBKey","created_user","created_date","last_edited_user","last_edited_date"
"1904230855027581","1904231010273278",2019-05-22 04:10:40,"LPI",2019-04-22 18:00:00,"0",1,25,50,"cm","ad hoc","cm",1,"Dead","PG1601 =  SH1601 =  AG1601 =AF1601 =  ",1,"2019-09-01",NA,NA,"19042308550131962019-09-01","UT_GrandStaircaseEscalanteNM_LUP_2019_5-4_03.mdb","DBROWNING",2020-05-06 11:48:24,"DBROWNING",2020-05-06 11:48:24
"1904230855024189","1904231046588345",2019-08-11 02:11:31,"LPI",2019-04-22 18:00:00,"120",1,25,50,"cm","ad hoc","cm",1,"Dead","PG1601 =  PF1601 =  PF1602 =  AF1601 =  SH1601 =  ",1,"2019-09-01",NA,NA,"19042308550131962019-09-01","UT_GrandStaircaseEscalanteNM_LUP_2019_5-4_03.mdb","DBROWNING",2020-05-06 11:48:24,"DBROWNING",2020-05-06 11:48:24
"1904230855022333","190423112110564",2019-05-22 04:09:30,"LPI",2019-04-22 18:00:00,"240",1,25,50,"cm","ad hoc","cm",1,"Dead","AG1601 =  PG1601 =  SH1601 =  ",1,"2019-09-01",NA,NA,"19042308550131962019-09-01","UT_GrandStaircaseEscalanteNM_LUP_2019_5-4_03.mdb","DBROWNING",2020-05-06 11:48:24,"DBROWNING",2020-05-06 11:48:24
"19042408532191","1904240928329689",2019-09-23 06:56:51,"LPI",2019-04-23 18:00:00,"0",1,25,50,"cm","ad hoc","cm",1,"Dead","AF1602 =  PF1603 =  ",1,"2019-09-01",NA,NA,"19042408531926082019-09-01","UT_GrandStaircaseEscalanteNM_LUP_2019_5-4_03.mdb","DBROWNING",2020-05-06 11:48:24,"DBROWNING",2020-05-06 11:48:24
"1904240853217887","190424100719371",2019-09-23 07:00:33,"LPI",2019-04-23 18:00:00,"120",1,25,50,"cm","ad hoc","cm",1,"Dead","PF1603 =  AF1602 =  PG1602 =  ",1,"2019-09-01",NA,NA,"19042408531926082019-09-01","UT_GrandStaircaseEscalanteNM_LUP_2019_5-4_03.mdb","DBROWNING",2020-05-06 11:48:24,"DBROWNING",2020-05-06 11:48:24
"1904240853211840","1904241049008175",2019-05-22 04:17:56,"LPI",2019-04-23 18:00:00,"240",1,25,50,"cm","ad hoc","cm",1,"Dead","PG1602 =  AF1602 =  PF1603 =  PF1605 =  ",1,"2019-09-01",NA,NA,"19042408531926082019-09-01","UT_GrandStaircaseEscalanteNM_LUP_2019_5-4_03.mdb","DBROWNING",2020-05-06 11:48:24,"DBROWNING",2020-05-06 11:48:24
"1905020836192794","1905020857034994",2019-10-04 10:58:14,"LPI",2019-05-01 18:00:00,"0",1,25,50,"cm","every 5th","cm",1,"Dead","SH00 =  ",1,"2019-09-01",NA,NA,"19050208361880412019-09-01","UT_GrandStaircaseEscalanteNM_LUP_2019_5-4_03.mdb","DBROWNING",2020-05-06 11:48:24,"DBROWNING",2020-05-06 11:48:24
"1905020836192681","1905020927384247",2019-10-04 10:58:24,"LPI",2019-05-01 18:00:00,"120",1,25,50,"cm","every 5th","cm",1,"Dead","AF1603 =  SH00 =  ",1,"2019-09-01",NA,NA,"19050208361880412019-09-01","UT_GrandStaircaseEscalanteNM_LUP_2019_5-4_03.mdb","DBROWNING",2020-05-06 11:48:24,"DBROWNING",2020-05-06 11:48:24
"190502083619825","1905020947026454",2019-10-04 10:58:45,"LPI",2019-05-01 18:00:00,"240",1,25,50,"cm","every 5th","cm",1,"Dead","SH00 =  ",1,"2019-09-01",NA,NA,"19050208361880412019-09-01","UT_GrandStaircaseEscalanteNM_LUP_2019_5-4_03.mdb","DBROWNING",2020-05-06 11:48:24,"DBROWNING",2020-05-06 11:48:24
"1905021444559258","1905021457545723",2019-05-22 02:32:31,"LPI",2019-05-01 18:00:00,"0",1,25,50,"cm","every 5th","cm",1,"Dead","AF1605 =  PG1605 =  AF1606 = erigeron SH1603 = huge aster PF1610 =PF1611 =  SH1602 =  ",1,"2019-09-01",NA,NA,"19050214445471152019-09-01","UT_GrandStaircaseEscalanteNM_LUP_2019_5-4_03.mdb","DBROWNING",2020-05-06 11:48:24,"DBROWNING",2020-05-06 11:48:24
"190502144455555","1905021534478819",2019-05-06 08:42:21,"LPI",2019-05-01 18:00:00,"120",1,25,50,"cm","every 5th","cm",1,"Dead","PG1605 =  AF1605 =  AF1606 =  ",1,"2019-09-01",NA,NA,"19050214445471152019-09-01","UT_GrandStaircaseEscalanteNM_LUP_2019_5-4_03.mdb","DBROWNING",2020-05-06 11:48:24,"DBROWNING",2020-05-06 11:48:24
"1905021444558698","1905021603532651",2019-05-06 08:46:41,"LPI",2019-05-01 18:00:00,"240",1,25,50,"cm","every 5th","cm",1,"Dead","PG1605 =  AF1606 =  PF1610 =  AF1607 =  AF1605 =  SH1602 =  SH1603 =  AF1608 =  ",1,"2019-09-01",NA,NA,"19050214445471152019-09-01","UT_GrandStaircaseEscalanteNM_LUP_2019_5-4_03.mdb","DBROWNING",2020-05-06 11:48:24,"DBROWNING",2020-05-06 11:48:24
"1905031204188668","1905031239545561",2019-05-22 03:12:03,"LPI",2019-05-02 18:00:00,"0",1,25,50,"cm","every 5th","cm",1,"Dead","AF1605 =  AF1609 =  ",1,"2019-09-01",NA,NA,"19050312041751162019-09-01","UT_GrandStaircaseEscalanteNM_LUP_2019_5-4_03.mdb","DBROWNING",2020-05-06 11:48:24,"DBROWNING",2020-05-06 11:48:24
"1905031204182621","1905031309403570",2019-05-06 08:26:51,"LPI",2019-05-02 18:00:00,"120",1,25,50,"cm","every 5th","cm",1,"Dead","AF1605 =  AF1609 =  ",1,"2019-09-01",NA,NA,"19050312041751162019-09-01","UT_GrandStaircaseEscalanteNM_LUP_2019_5-4_03.mdb","DBROWNING",2020-05-06 11:48:24,"DBROWNING",2020-05-06 11:48:24
"190503120418765","190503133604883",2019-05-06 08:27:25,"LPI",2019-05-02 18:00:00,"240",1,25,50,"cm","every 5th","cm",1,"Dead","AF1605 =  SH1604 =  AF1609 =  ",1,"2019-09-01",NA,NA,"19050312041751162019-09-01","UT_GrandStaircaseEscalanteNM_LUP_2019_5-4_03.mdb","DBROWNING",2020-05-06 11:48:24,"DBROWNING",2020-05-06 11:48:24
"1905041007399372","1905041037117414",2019-05-06 08:52:48,"LPI",2019-05-03 18:00:00,"0",1,25,50,"cm","every 5th","cm",1,"Dead","PF1623 =  ",1,"2019-09-01",NA,NA,"19050410073832002019-09-01","UT_GrandStaircaseEscalanteNM_LUP_2019_5-4_03.mdb","DBROWNING",2020-05-06 11:48:24,"DBROWNING",2020-05-06 11:48:24
"1905041007397170","1905041109134330",2019-05-06 08:53:14,"LPI",2019-05-03 18:00:00,"120",1,25,50,"cm","every 5th","cm",1,"Dead","AF1611 =  PF1626 =  PF1623 =  ",1,"2019-09-01",NA,NA,"19050410073832002019-09-01","UT_GrandStaircaseEscalanteNM_LUP_2019_5-4_03.mdb","DBROWNING",2020-05-06 11:48:24,"DBROWNING",2020-05-06 11:48:24
"1905041007391123","1905041126588754",2019-05-06 08:54:00,"LPI",2019-05-03 18:00:00,"240",1,25,50,"cm","every 5th","cm",1,"Dead","PF1626 =  PF1630 =  PF1613 =  ",1,"2019-09-01",NA,NA,"19050410073832002019-09-01","UT_GrandStaircaseEscalanteNM_LUP_2019_5-4_03.mdb","DBROWNING",2020-05-06 11:48:24,"DBROWNING",2020-05-06 11:48:24
"1905041506102872","1905041526522135",2019-05-22 04:39:16,"LPI",2019-05-03 18:00:00,"0",1,25,50,"cm","every 5th","cm",1,"Dead","AF1611 =  AF1605 =  PG1605 =  ",1,"2019-09-01",NA,NA,"19050415060929242019-09-01","UT_GrandStaircaseEscalanteNM_LUP_2019_5-4_03.mdb","DBROWNING",2020-05-06 11:48:24,"DBROWNING",2020-05-06 11:48:24
"1905041506109479","1905041544063835",2019-05-06 08:34:02,"LPI",2019-05-03 18:00:00,"120",1,25,50,"cm","every 5th","cm",1,"Dead","PG1605 =  PF1637 =  PF1632 =  PF1623 =  ",1,"2019-09-01",NA,NA,"19050415060929242019-09-01","UT_GrandStaircaseEscalanteNM_LUP_2019_5-4_03.mdb","DBROWNING",2020-05-06 11:48:24,"DBROWNING",2020-05-06 11:48:24
"1905041506107623","1905041602304213",2019-05-06 08:35:08,"LPI",2019-05-03 18:00:00,"240",1,25,50,"cm","every 5th","cm",1,"Dead","PF1623 =  AF1605 =  AF1609 =  PF1613 =  ",1,"2019-09-01",NA,NA,"19050415060929242019-09-01","UT_GrandStaircaseEscalanteNM_LUP_2019_5-4_03.mdb","DBROWNING",2020-05-06 11:48:24,"DBROWNING",2020-05-06 11:48:24
"190516075112352","1905160811316302",2019-05-21 02:20:28,"LPI",2019-05-15 18:00:00,"0",1,25,50,"cm","every 5th","cm",1,"Dead","AF1613 =  ",1,"2019-09-01",NA,NA,"19051607511289782019-09-01","UT_GrandStaircaseEscalanteNM_LUP_2019_5-4_03.mdb","DBROWNING",2020-05-06 11:48:24,"DBROWNING",2020-05-06 11:48:24
"1905160751124304","1905160843447868",2019-05-21 02:22:02,"LPI",2019-05-15 18:00:00,"120",1,25,50,"cm","every 5th","cm",1,"Dead","AF1614 =  ",1,"2019-09-01",NA,NA,"19051607511289782019-09-01","UT_GrandStaircaseEscalanteNM_LUP_2019_5-4_03.mdb","DBROWNING",2020-05-06 11:48:24,"DBROWNING",2020-05-06 11:48:24
"1905160751122448","1905160906266747",2019-05-21 02:23:06,"LPI",2019-05-15 18:00:00,"240",1,25,50,"cm","every 5th","cm",1,"Dead","AF1613 =  ",1,"2019-09-01",NA,NA,"19051607511289782019-09-01","UT_GrandStaircaseEscalanteNM_LUP_2019_5-4_03.mdb","DBROWNING",2020-05-06 11:48:24,"DBROWNING",2020-05-06 11:48:24
"1905170856262774","1905170904518303",2019-05-22 04:14:03,"LPI",2019-05-16 18:00:00,"0",1,25,50,"cm","ad hoc","cm",1,"Dead","",1,"2019-09-01",NA,NA,"19051708562559892019-09-01","UT_GrandStaircaseEscalanteNM_LUP_2019_5-4_03.mdb","DBROWNING",2020-05-06 11:48:24,"DBROWNING",2020-05-06 11:48:24
"1905170856261415","1905170942315622",2019-05-22 04:14:36,"LPI",2019-05-16 18:00:00,"120",1,25,50,"cm","ad hoc","cm",1,"Dead","PF1645 =  PF1646 =  PF1612 =  ",1,"2019-09-01",NA,NA,"19051708562559892019-09-01","UT_GrandStaircaseEscalanteNM_LUP_2019_5-4_03.mdb","DBROWNING",2020-05-06 11:48:24,"DBROWNING",2020-05-06 11:48:24
"1905170856269558","1905171018286423",2019-08-11 02:18:38,"LPI",2019-05-16 18:00:00,"240",1,25,50,"cm","ad hoc","cm",1,"Dead","",1,"2019-09-01",NA,NA,"19051708562559892019-09-01","UT_GrandStaircaseEscalanteNM_LUP_2019_5-4_03.mdb","DBROWNING",2020-05-06 11:48:24,"DBROWNING",2020-05-06 11:48:24
"1905171447321255","1905171458378375",2019-05-22 03:46:27,"LPI",2019-05-16 18:00:00,"0",1,25,50,"cm","ad hoc","cm",1,"Dead","",1,"2019-09-01",NA,NA,"19051714473180282019-09-01","UT_GrandStaircaseEscalanteNM_LUP_2019_5-4_03.mdb","DBROWNING",2020-05-06 11:48:24,"DBROWNING",2020-05-06 11:48:24
"1905171447325207","1905171520241577",2019-05-22 03:50:32,"LPI",2019-05-16 18:00:00,"120",1,25,50,"cm","ad hoc","cm",1,"Dead","",1,"2019-09-01",NA,NA,"19051714473180282019-09-01","UT_GrandStaircaseEscalanteNM_LUP_2019_5-4_03.mdb","DBROWNING",2020-05-06 11:48:24,"DBROWNING",2020-05-06 11:48:24
"1905171447323351","1905171544365657",2019-05-22 03:51:39,"LPI",2019-05-16 18:00:00,"240",1,25,50,"cm","ad hoc","cm",1,"Dead","",1,"2019-09-01",NA,NA,"19051714473180282019-09-01","UT_GrandStaircaseEscalanteNM_LUP_2019_5-4_03.mdb","DBROWNING",2020-05-06 11:48:24,"DBROWNING",2020-05-06 11:48:24
"1905181053245048","1905181112492019",2019-05-22 04:30:11,"LPI",2019-05-17 18:00:00,"0",1,25,50,"cm","every 5th","cm",1,"Dead","SH1605 =  AF1615 =  ",1,"2019-09-01",NA,NA,"19051810532393352019-09-01","UT_GrandStaircaseEscalanteNM_LUP_2019_5-4_03.mdb","DBROWNING",2020-05-06 11:48:24,"DBROWNING",2020-05-06 11:48:24
"190518105324976","1905181138217628",2019-05-18 05:47:54,"LPI",2019-05-17 18:00:00,"120",1,25,50,"cm","every 5th","cm",1,"Dead","",1,"2019-09-01",NA,NA,"19051810532393352019-09-01","UT_GrandStaircaseEscalanteNM_LUP_2019_5-4_03.mdb","DBROWNING",2020-05-06 11:48:24,"DBROWNING",2020-05-06 11:48:24
"1905181053244928","1905181151588721",2019-05-18 06:03:55,"LPI",2019-05-17 18:00:00,"240",1,25,50,"cm","every 5th","cm",1,"Dead","SH1606 =  SH1605 =  ",1,"2019-09-01",NA,NA,"19051810532393352019-09-01","UT_GrandStaircaseEscalanteNM_LUP_2019_5-4_03.mdb","DBROWNING",2020-05-06 11:48:24,"DBROWNING",2020-05-06 11:48:24
"1905191632264595","1905191643038874",2019-05-22 04:16:57,"LPI",2019-05-18 18:00:00,"0",1,25,50,"cm","every 5th","cm",1,"Dead","",1,"2019-09-01",NA,NA,"19051916322599942019-09-01","UT_GrandStaircaseEscalanteNM_LUP_2019_5-4_03.mdb","DBROWNING",2020-05-06 11:48:24,"DBROWNING",2020-05-06 11:48:24
"1905191632262392","1905191702025359",2019-06-12 03:31:11,"LPI",2019-05-18 18:00:00,"120",1,25,50,"cm","every 5th","cm",1,"Dead","",1,"2019-09-01",NA,NA,"19051916322599942019-09-01","UT_GrandStaircaseEscalanteNM_LUP_2019_5-4_03.mdb","DBROWNING",2020-05-06 11:48:24,"DBROWNING",2020-05-06 11:48:24
"1905191632266344","1905191719295260",2019-05-22 04:58:06,"LPI",2019-05-18 18:00:00,"240",1,25,50,"cm","every 5th","cm",1,"Dead","",1,"2019-09-01",NA,NA,"19051916322599942019-09-01","UT_GrandStaircaseEscalanteNM_LUP_2019_5-4_03.mdb","DBROWNING",2020-05-06 11:48:24,"DBROWNING",2020-05-06 11:48:24
"1905301809445681","1905301839545858",2019-06-01 11:12:18,"LPI",2019-05-29 18:00:00,"120",1,25,50,"cm","every 5th","cm",1,"Dead","SH1608 =  AF1618 =  PG1608 =  AF1619 =  ",1,"2019-09-01",NA,NA,"19053018094260032019-09-01","UT_GrandStaircaseEscalanteNM_LUP_2019_5-4_03.mdb","DBROWNING",2020-05-06 11:48:24,"DBROWNING",2020-05-06 11:48:24
"1905301809443825","1905301904359541",2019-06-01 11:12:26,"LPI",2019-05-29 18:00:00,"240",1,25,50,"cm","every 5th","cm",1,"Dead","PG1608 =  ",1,"2019-09-01",NA,NA,"19053018094260032019-09-01","UT_GrandStaircaseEscalanteNM_LUP_2019_5-4_03.mdb","DBROWNING",2020-05-06 11:48:24,"DBROWNING",2020-05-06 11:48:24
"1905311603215255","1905311614501003",2019-05-31 10:32:59,"LPI",2019-05-30 18:00:00,"0",1,25,50,"cm","every 5th","cm",1,"Dead","PF1673 =  PF1674 =  ",1,"2019-09-01",NA,NA,"19053116032020292019-09-01","UT_GrandStaircaseEscalanteNM_LUP_2019_5-4_03.mdb","DBROWNING",2020-05-06 11:48:24,"DBROWNING",2020-05-06 11:48:24
"1905311603216551","1905311637038709",2019-05-31 10:49:20,"LPI",2019-05-30 18:00:00,"120",1,25,50,"cm","every 5th","cm",1,"Dead","PF1674 =  PF1675 =  PF1672 =  ",1,"2019-09-01",NA,NA,"19053116032020292019-09-01","UT_GrandStaircaseEscalanteNM_LUP_2019_5-4_03.mdb","DBROWNING",2020-05-06 11:48:24,"DBROWNING",2020-05-06 11:48:24
"1905311603214695","1905311655023978",2019-05-31 11:09:09,"LPI",2019-05-30 18:00:00,"240",1,25,50,"cm","every 5th","cm",1,"Dead","PF1676 =  ",1,"2019-09-01",NA,NA,"19053116032020292019-09-01","UT_GrandStaircaseEscalanteNM_LUP_2019_5-4_03.mdb","DBROWNING",2020-05-06 11:48:24,"DBROWNING",2020-05-06 11:48:24
"1906011204092924","1906011214591001",2019-06-01 06:25:18,"LPI",2019-05-31 18:00:00,"0",1,25,50,"cm","every 5th","cm",1,"Dead","SH1610 =  SH1611 =  ",1,"2019-09-01",NA,NA,"19060112040862902019-09-01","UT_GrandStaircaseEscalanteNM_LUP_2019_5-4_03.mdb","DBROWNING",2020-05-06 11:48:24,"DBROWNING",2020-05-06 11:48:24
"190601120409721","1906011229156123",2019-06-01 06:47:07,"LPI",2019-05-31 18:00:00,"120",1,25,50,"cm","every 5th","cm",1,"Dead","AF1621 =  AF00 =  PF1680 =  PG1609 =  ",1,"2019-09-01",NA,NA,"19060112040862902019-09-01","UT_GrandStaircaseEscalanteNM_LUP_2019_5-4_03.mdb","DBROWNING",2020-05-06 11:48:24,"DBROWNING",2020-05-06 11:48:24
"1906011204094673","1906011250592938",2019-06-01 07:11:30,"LPI",2019-05-31 18:00:00,"240",1,25,50,"cm","every 5th","cm",1,"Dead","SU01 =  PF1636 =  ",1,"2019-09-01",NA,NA,"19060112040862902019-09-01","UT_GrandStaircaseEscalanteNM_LUP_2019_5-4_03.mdb","DBROWNING",2020-05-06 11:48:24,"DBROWNING",2020-05-06 11:48:24
"1905301809441729","1906011656064410",2019-06-01 11:12:10,"LPI",2019-05-29 18:00:00,"0",1,25,50,"cm","every 5th","cm",1,"Dead","SH1608 =  ",1,"2019-09-01",NA,NA,"19053018094260032019-09-01","UT_GrandStaircaseEscalanteNM_LUP_2019_5-4_03.mdb","DBROWNING",2020-05-06 11:48:24,"DBROWNING",2020-05-06 11:48:24
"190602072040603","190602074507890",2019-09-24 04:43:36,"LPI",2019-06-01 18:00:00,"0",1,25,50,"cm","every 5th","cm",1,"Dead","PF1683 =  PF1688 =  ",1,"2019-09-01",NA,NA,"19060207203962862019-09-01","UT_GrandStaircaseEscalanteNM_LUP_2019_5-4_03.mdb","DBROWNING",2020-05-06 11:48:24,"DBROWNING",2020-05-06 11:48:24
"1906020720409243","1906020822579286",2019-06-02 02:41:59,"LPI",2019-06-01 18:00:00,"120",1,25,50,"cm","every 5th","cm",1,"Dead","AF00 =  PF1688 =  PG1609 =  ",1,"2019-09-01",NA,NA,"19060207203962862019-09-01","UT_GrandStaircaseEscalanteNM_LUP_2019_5-4_03.mdb","DBROWNING",2020-05-06 11:48:24,"DBROWNING",2020-05-06 11:48:24
"1906020720407387","1906020847443570",2019-06-02 03:05:44,"LPI",2019-06-01 18:00:00,"240",1,25,50,"cm","every 5th","cm",1,"Dead","PG00 =  ",1,"2019-09-01",NA,NA,"19060207203962862019-09-01","UT_GrandStaircaseEscalanteNM_LUP_2019_5-4_03.mdb","DBROWNING",2020-05-06 11:48:24,"DBROWNING",2020-05-06 11:48:24
"1906021342474368","1906021352247478",2019-06-02 07:59:28,"LPI",2019-06-01 18:00:00,"0",1,25,50,"cm","every 5th","cm",1,"Dead","SH00 =  PF1693 =  ",1,"2019-09-01",NA,NA,"19060213424639612019-09-01","UT_GrandStaircaseEscalanteNM_LUP_2019_5-4_03.mdb","DBROWNING",2020-05-06 11:48:24,"DBROWNING",2020-05-06 11:48:24
"190602134247977","19060214070260",2019-06-02 08:13:59,"LPI",2019-06-01 18:00:00,"120",1,25,50,"cm","every 5th","cm",1,"Dead","",1,"2019-09-01",NA,NA,"19060213424639612019-09-01","UT_GrandStaircaseEscalanteNM_LUP_2019_5-4_03.mdb","DBROWNING",2020-05-06 11:48:24,"DBROWNING",2020-05-06 11:48:24
"1906021342479120","1906021415104139",2019-06-02 08:21:25,"LPI",2019-06-01 18:00:00,"240",1,25,50,"cm","every 5th","cm",1,"Dead","SH00 =  ",1,"2019-09-01",NA,NA,"19060213424639612019-09-01","UT_GrandStaircaseEscalanteNM_LUP_2019_5-4_03.mdb","DBROWNING",2020-05-06 11:48:24,"DBROWNING",2020-05-06 11:48:24
"1906030856453972","1906030924538568",2019-06-03 03:36:36,"LPI",2019-06-02 18:00:00,"0",1,25,50,"cm","every 5th","cm",1,"Dead","PF1962 =  ",1,"2019-09-01",NA,NA,"19060308564431862019-09-01","UT_GrandStaircaseEscalanteNM_LUP_2019_5-4_03.mdb","DBROWNING",2020-05-06 11:48:24,"DBROWNING",2020-05-06 11:48:24
"1906030856451769","190603094037945",2019-06-03 03:49:00,"LPI",2019-06-02 18:00:00,"120",1,25,50,"cm","every 5th","cm",1,"Dead","",1,"2019-09-01",NA,NA,"19060308564431862019-09-01","UT_GrandStaircaseEscalanteNM_LUP_2019_5-4_03.mdb","DBROWNING",2020-05-06 11:48:24,"DBROWNING",2020-05-06 11:48:24
"1906030856455721","1906030952052262",2019-06-03 04:05:24,"LPI",2019-06-02 18:00:00,"240",1,25,50,"cm","every 5th","cm",1,"Dead","",1,"2019-09-01",NA,NA,"19060308564431862019-09-01","UT_GrandStaircaseEscalanteNM_LUP_2019_5-4_03.mdb","DBROWNING",2020-05-06 11:48:24,"DBROWNING",2020-05-06 11:48:24
"1906031315081662","1906031344461632",2019-06-03 08:04:38,"LPI",2019-06-02 18:00:00,"0",1,25,50,"cm","every 5th","cm",1,"Dead","PF1689 =  PF1688 =  PF1683 =  PF1636 =  ",1,"2019-09-01",NA,NA,"19060313150712912019-09-01","UT_GrandStaircaseEscalanteNM_LUP_2019_5-4_03.mdb","DBROWNING",2020-05-06 11:48:24,"DBROWNING",2020-05-06 11:48:24
"1906031315089459","1906031409271417",2019-06-03 08:26:27,"LPI",2019-06-02 18:00:00,"0",1,25,50,"cm","every 5th","cm",1,"Dead","PF1688 =  ",1,"2019-09-01",NA,NA,"19060313150712912019-09-01","UT_GrandStaircaseEscalanteNM_LUP_2019_5-4_03.mdb","DBROWNING",2020-05-06 11:48:24,"DBROWNING",2020-05-06 11:48:24
"1906031315083412","190603143027745",2019-06-03 08:40:12,"LPI",2019-06-02 18:00:00,"0",1,25,50,"cm","every 5th","cm",1,"Dead","",1,"2019-09-01",NA,NA,"19060313150712912019-09-01","UT_GrandStaircaseEscalanteNM_LUP_2019_5-4_03.mdb","DBROWNING",2020-05-06 11:48:24,"DBROWNING",2020-05-06 11:48:24
"1906131344415433","1906131611355973",2019-09-24 04:06:22,"LPI",2019-06-12 18:00:00,"120",1,25,50,"cm","every 5th","cm",1,"dead","SH1606 =  ",1,"2019-09-01",NA,NA,"19061313444010032019-09-01","UT_GrandStaircaseEscalanteNM_LUP_2019_5-4_03.mdb","DBROWNING",2020-05-06 11:48:24,"DBROWNING",2020-05-06 11:48:24
"1906131344419385","1906131632153657",2019-08-11 03:26:42,"LPI",2019-06-12 18:00:00,"240",1,25,50,"cm","every 5th","cm",1,"dead","",1,"2019-09-01",NA,NA,"19061313444010032019-09-01","UT_GrandStaircaseEscalanteNM_LUP_2019_5-4_03.mdb","DBROWNING",2020-05-06 11:48:24,"DBROWNING",2020-05-06 11:48:24
"1906140739525128","1906140843224663",2019-08-10 10:46:23,"LPI",2019-06-13 18:00:00,"120",1,25,50,"cm","every 5th","cm",1,"dead","",1,"2019-09-01",NA,NA,"19061407395147852019-09-01","UT_GrandStaircaseEscalanteNM_LUP_2019_5-4_03.mdb","DBROWNING",2020-05-06 11:48:24,"DBROWNING",2020-05-06 11:48:24
"1906140739529080","1906140901015387",2019-08-10 10:46:16,"LPI",2019-06-13 18:00:00,"240",1,25,50,"cm","every 5th","cm",1,"dead","",1,"2019-09-01",NA,NA,"19061407395147852019-09-01","UT_GrandStaircaseEscalanteNM_LUP_2019_5-4_03.mdb","DBROWNING",2020-05-06 11:48:24,"DBROWNING",2020-05-06 11:48:24
"1906141254247767","190614130726573",2019-10-08 04:53:30,"LPI",2019-06-13 18:00:00,"0",1,25,50,"cm","every 5th","cm",1,"Dead","PF1702 =  PF1703 =  ",1,"2019-09-01",NA,NA,"1906141254235022019-09-01","UT_GrandStaircaseEscalanteNM_LUP_2019_5-4_03.mdb","DBROWNING",2020-05-06 11:48:24,"DBROWNING",2020-05-06 11:48:24
"1906141254245564","1906141331461226",2019-10-08 04:53:37,"LPI",2019-06-13 18:00:00,"120",1,25,50,"cm","every 5th","cm",1,"Dead","PF1702 =  ",1,"2019-09-01",NA,NA,"1906141254235022019-09-01","UT_GrandStaircaseEscalanteNM_LUP_2019_5-4_03.mdb","DBROWNING",2020-05-06 11:48:24,"DBROWNING",2020-05-06 11:48:24
"1906141254249516","190614135641147",2019-07-01 05:59:08,"LPI",2019-06-13 18:00:00,"240",1,25,50,"cm","every 5th","cm",1,"Dead","",1,"2019-09-01",NA,NA,"1906141254235022019-09-01","UT_GrandStaircaseEscalanteNM_LUP_2019_5-4_03.mdb","DBROWNING",2020-05-06 11:48:24,"DBROWNING",2020-05-06 11:48:24
"1906150753325246","1906150830067039",2019-06-15 02:46:39,"LPI",2019-06-14 18:00:00,"0",1,25,50,"cm","every 5th","cm",1,"dead","",1,"2019-09-01",NA,NA,"19061507533121362019-09-01","UT_GrandStaircaseEscalanteNM_LUP_2019_5-4_03.mdb","DBROWNING",2020-05-06 11:48:24,"DBROWNING",2020-05-06 11:48:24
"1906150753323043","1906150850562943",2019-06-15 03:08:28,"LPI",2019-06-14 18:00:00,"120",1,25,50,"cm","every 5th","cm",1,"dead","PF1703 =  ",1,"2019-09-01",NA,NA,"19061507533121362019-09-01","UT_GrandStaircaseEscalanteNM_LUP_2019_5-4_03.mdb","DBROWNING",2020-05-06 11:48:24,"DBROWNING",2020-05-06 11:48:24
"1906150753326995","1906150911217293",2019-06-15 03:28:14,"LPI",2019-06-14 18:00:00,"240",1,25,50,"cm","every 5th","cm",1,"dead","PF1703 =  ",1,"2019-09-01",NA,NA,"19061507533121362019-09-01","UT_GrandStaircaseEscalanteNM_LUP_2019_5-4_03.mdb","DBROWNING",2020-05-06 11:48:24,"DBROWNING",2020-05-06 11:48:24
"1906151240302672","1906151335408253",2019-09-24 04:34:20,"LPI",2019-06-14 18:00:00,"120",1,25,50,"cm","every 5th","cm",1,"dead","PG01 =  ",1,"2019-09-01",NA,NA,"19061512402980792019-09-01","UT_GrandStaircaseEscalanteNM_LUP_2019_5-4_03.mdb","DBROWNING",2020-05-06 11:48:24,"DBROWNING",2020-05-06 11:48:24
"1906151240306624","1906151352407796",2019-07-01 03:16:53,"LPI",2019-06-14 18:00:00,"240",1,25,50,"cm","every 5th","cm",1,"dead","PF1703 =  PF1706 =  ",1,"2019-09-01",NA,NA,"19061512402980792019-09-01","UT_GrandStaircaseEscalanteNM_LUP_2019_5-4_03.mdb","DBROWNING",2020-05-06 11:48:24,"DBROWNING",2020-05-06 11:48:24
"1906131344417635","1906151852355119",2019-09-23 10:00:25,"LPI",2019-06-12 18:00:00,"0",1,25,50,"cm","every 5th","cm",1,"dead","",1,"2019-09-01",NA,NA,"19061313444010032019-09-01","UT_GrandStaircaseEscalanteNM_LUP_2019_5-4_03.mdb","DBROWNING",2020-05-06 11:48:24,"DBROWNING",2020-05-06 11:48:24
"1906160933358892","1906161023378020",2019-06-16 04:43:57,"LPI",2019-06-15 18:00:00,"0",1,25,50,"cm","ad hoc","cm",1,"Dead","PF1707 =  ",1,"2019-09-01",NA,NA,"19061609332576632019-09-01","UT_GrandStaircaseEscalanteNM_LUP_2019_5-4_03.mdb","DBROWNING",2020-05-06 11:48:24,"DBROWNING",2020-05-06 11:48:24
"1906160933356689","1906161052313286",2019-06-16 05:49:00,"LPI",2019-06-15 18:00:00,"120",1,25,50,"cm","ad hoc","cm",1,"Dead","PG1615 =  PG1616 =  PG1614 =  ",1,"2019-09-01",NA,NA,"19061609332576632019-09-01","UT_GrandStaircaseEscalanteNM_LUP_2019_5-4_03.mdb","DBROWNING",2020-05-06 11:48:24,"DBROWNING",2020-05-06 11:48:24
"190616093335642","190616112349638",2019-06-16 05:46:47,"LPI",2019-06-15 18:00:00,"240",1,25,50,"cm","ad hoc","cm",1,"Dead","SH00 =  ",1,"2019-09-01",NA,NA,"19061609332576632019-09-01","UT_GrandStaircaseEscalanteNM_LUP_2019_5-4_03.mdb","DBROWNING",2020-05-06 11:48:24,"DBROWNING",2020-05-06 11:48:24
"1906170730008437","190617081605901",2019-06-17 02:39:33,"LPI",2019-06-16 18:00:00,"0",1,25,50,"cm","ad hoc","cm",1,"Dead","PF1705 =  ",1,"2019-09-01",NA,NA,"19061707295931942019-09-01","UT_GrandStaircaseEscalanteNM_LUP_2019_5-4_03.mdb","DBROWNING",2020-05-06 11:48:24,"DBROWNING",2020-05-06 11:48:24
"1906170730006235","1906170848139862",2019-06-17 03:06:26,"LPI",2019-06-16 18:00:00,"120",1,25,50,"cm","ad hoc","cm",1,"Dead","PF01 =  ",1,"2019-09-01",NA,NA,"19061707295931942019-09-01","UT_GrandStaircaseEscalanteNM_LUP_2019_5-4_03.mdb","DBROWNING",2020-05-06 11:48:24,"DBROWNING",2020-05-06 11:48:24
"190617073000187","1906170914319631",2019-06-17 03:34:36,"LPI",2019-06-16 18:00:00,"240",1,25,50,"cm","ad hoc","cm",1,"Dead","PF1705 =  ",1,"2019-09-01",NA,NA,"19061707295931942019-09-01","UT_GrandStaircaseEscalanteNM_LUP_2019_5-4_03.mdb","DBROWNING",2020-05-06 11:48:24,"DBROWNING",2020-05-06 11:48:24
"1906180744333615","1906180823279120",2019-06-18 02:33:45,"LPI",2019-06-17 18:00:00,"0",1,25,50,"cm","every 5th","cm",1,"dead","",1,"2019-09-01",NA,NA,"19061807443293572019-09-01","UT_GrandStaircaseEscalanteNM_LUP_2019_5-4_03.mdb","DBROWNING",2020-05-06 11:48:24,"DBROWNING",2020-05-06 11:48:24
"1906180744331413","1906180839157548",2019-06-18 02:54:17,"LPI",2019-06-17 18:00:00,"120",1,25,50,"cm","every 5th","cm",1,"dead","",1,"2019-09-01",NA,NA,"19061807443293572019-09-01","UT_GrandStaircaseEscalanteNM_LUP_2019_5-4_03.mdb","DBROWNING",2020-05-06 11:48:24,"DBROWNING",2020-05-06 11:48:24
"1906180744335364","1906180901592250",2019-06-18 03:20:42,"LPI",2019-06-17 18:00:00,"240",1,25,50,"cm","every 5th","cm",1,"dead","SH1613 =  PF1709 =  ",1,"2019-09-01",NA,NA,"19061807443293572019-09-01","UT_GrandStaircaseEscalanteNM_LUP_2019_5-4_03.mdb","DBROWNING",2020-05-06 11:48:24,"DBROWNING",2020-05-06 11:48:24
"190628140457299","1906281420017696",2019-08-11 03:34:29,"LPI",2019-06-27 18:00:00,"0",1,25,50,"cm","every 5th","cm",1,"dead","",1,"2019-09-01",NA,NA,"19062814045696002019-09-01","UT_GrandStaircaseEscalanteNM_LUP_2019_5-4_03.mdb","DBROWNING",2020-05-06 11:48:24,"DBROWNING",2020-05-06 11:48:24
"1906281404572622","190628143903561",2019-08-11 03:34:42,"LPI",2019-06-27 18:00:00,"120",1,25,50,"cm","every 5th","cm",1,"dead","AF1621 =  ",1,"2019-09-01",NA,NA,"19062814045696002019-09-01","UT_GrandStaircaseEscalanteNM_LUP_2019_5-4_03.mdb","DBROWNING",2020-05-06 11:48:24,"DBROWNING",2020-05-06 11:48:24
"1906281404576573","1906281452194368",2019-08-11 03:34:52,"LPI",2019-06-27 18:00:00,"240",1,25,50,"cm","every 5th","cm",1,"dead","",1,"2019-09-01",NA,NA,"19062814045696002019-09-01","UT_GrandStaircaseEscalanteNM_LUP_2019_5-4_03.mdb","DBROWNING",2020-05-06 11:48:24,"DBROWNING",2020-05-06 11:48:24
"1906291026395633","1906291049368472",2019-08-10 10:23:27,"LPI",2019-06-28 18:00:00,"0",1,25,50,"cm","every 5th","cm",1,"dead","",1,"2019-09-01",NA,NA,"19062910263749062019-09-01","UT_GrandStaircaseEscalanteNM_LUP_2019_5-4_03.mdb","DBROWNING",2020-05-06 11:48:24,"DBROWNING",2020-05-06 11:48:24
"1906291026393431","1906291102544569",2019-07-01 06:16:18,"LPI",2019-06-28 18:00:00,"120",1,25,50,"cm","every 5th","cm",1,"dead","",1,"2019-09-01",NA,NA,"19062910263749062019-09-01","UT_GrandStaircaseEscalanteNM_LUP_2019_5-4_03.mdb","DBROWNING",2020-05-06 11:48:24,"DBROWNING",2020-05-06 11:48:24
"1906291026397383","1906291117185862",2019-07-01 06:19:51,"LPI",2019-06-28 18:00:00,"240",1,25,50,"cm","every 5th","cm",1,"dead","",1,"2019-09-01",NA,NA,"19062910263749062019-09-01","UT_GrandStaircaseEscalanteNM_LUP_2019_5-4_03.mdb","DBROWNING",2020-05-06 11:48:24,"DBROWNING",2020-05-06 11:48:24
"1906151240302219","190630164349686",2019-07-01 06:13:12,"LPI",2019-06-14 18:00:00,"0",1,25,50,"cm","every 5th","cm",1,"dead","PF1706 =  ",1,"2019-09-01",NA,NA,"19061512402980792019-09-01","UT_GrandStaircaseEscalanteNM_LUP_2019_5-4_03.mdb","DBROWNING",2020-05-06 11:48:24,"DBROWNING",2020-05-06 11:48:24
"1906140739527330","190701142907533",2019-08-11 01:43:39,"LPI",2019-06-13 18:00:00,"0",1,25,50,"cm","every 5th","cm",1,"dead","",1,"2019-09-01",NA,NA,"19061407395147852019-09-01","UT_GrandStaircaseEscalanteNM_LUP_2019_5-4_03.mdb","DBROWNING",2020-05-06 11:48:24,"DBROWNING",2020-05-06 11:48:24
"1907110806582233","1907110841477496",2019-07-15 10:47:42,"LPI",2019-07-10 18:00:00,"0",1,25,50,"cm","every 5th","cm",1,"Dead","SH00 =  ",1,"2019-09-01",NA,NA,"19071108065862072019-09-01","UT_GrandStaircaseEscalanteNM_LUP_2019_5-4_03.mdb","DBROWNING",2020-05-06 11:48:24,"DBROWNING",2020-05-06 11:48:24
"19071108065831","1907110854036232",2019-09-24 04:26:50,"LPI",2019-07-10 18:00:00,"120",1,25,50,"cm","every 5th","cm",1,"Dead","AF00 =  SH00 =  ",1,"2019-09-01",NA,NA,"19071108065862072019-09-01","UT_GrandStaircaseEscalanteNM_LUP_2019_5-4_03.mdb","DBROWNING",2020-05-06 11:48:24,"DBROWNING",2020-05-06 11:48:24
"1907110806583982","1907110909153544",2019-07-15 10:48:00,"LPI",2019-07-10 18:00:00,"0",1,25,50,"cm","every 5th","cm",1,"Dead","SH00 =  AF00 =  ",1,"2019-09-01",NA,NA,"19071108065862072019-09-01","UT_GrandStaircaseEscalanteNM_LUP_2019_5-4_03.mdb","DBROWNING",2020-05-06 11:48:24,"DBROWNING",2020-05-06 11:48:24
"1907111406501081","1907111442291803",2019-07-15 10:48:29,"LPI",2019-07-10 18:00:00,"0",1,25,50,"cm","every 5th","cm",1,"Dead","AF00 =  ",1,"2019-09-01",NA,NA,"1907111406492262019-09-01","UT_GrandStaircaseEscalanteNM_LUP_2019_5-4_03.mdb","DBROWNING",2020-05-06 11:48:24,"DBROWNING",2020-05-06 11:48:24
"1907111406505379","1907111506191455",2019-07-15 10:48:41,"LPI",2019-07-10 18:00:00,"120",1,25,50,"cm","every 5th","cm",1,"Dead","",1,"2019-09-01",NA,NA,"1907111406492262019-09-01","UT_GrandStaircaseEscalanteNM_LUP_2019_5-4_03.mdb","DBROWNING",2020-05-06 11:48:24,"DBROWNING",2020-05-06 11:48:24
"1907111406507795","1907111525061313",2019-07-11 09:43:27,"LPI",2019-07-10 18:00:00,"240",1,25,50,"cm","every 5th","cm",1,"Dead","AF00 =  ",1,"2019-09-01",NA,NA,"1907111406492262019-09-01","UT_GrandStaircaseEscalanteNM_LUP_2019_5-4_03.mdb","DBROWNING",2020-05-06 11:48:24,"DBROWNING",2020-05-06 11:48:24
"1907120726583129","1907120746099599",2019-07-12 01:58:26,"LPI",2019-07-11 18:00:00,"0",1,25,50,"cm","every 5th","cm",1,"Dead","",1,"2019-09-01",NA,NA,"19071207265771652019-09-01","UT_GrandStaircaseEscalanteNM_LUP_2019_5-4_03.mdb","DBROWNING",2020-05-06 11:48:24,"DBROWNING",2020-05-06 11:48:24
"190712072658927","1907120803083116",2019-08-10 10:58:51,"LPI",2019-07-11 18:00:00,"0",1,25,50,"cm","every 5th","cm",1,"Dead","",1,"2019-09-01",NA,NA,"19071207265771652019-09-01","UT_GrandStaircaseEscalanteNM_LUP_2019_5-4_03.mdb","DBROWNING",2020-05-06 11:48:24,"DBROWNING",2020-05-06 11:48:24
"1907120726584879","1907120823306880",2019-07-12 02:33:54,"LPI",2019-07-11 18:00:00,"240",1,25,50,"cm","every 5th","cm",1,"Dead","AF00 =  ",1,"2019-09-01",NA,NA,"19071207265771652019-09-01","UT_GrandStaircaseEscalanteNM_LUP_2019_5-4_03.mdb","DBROWNING",2020-05-06 11:48:24,"DBROWNING",2020-05-06 11:48:24
"1907121234035338","1907121236057715",2019-07-17 02:27:37,"LPI",2019-07-11 18:00:00,"0",1,25,50,"cm","every 5th","cm",1,"Dead","SH01 =  AF00 =  ",1,"2019-09-01",NA,NA,"19071212340255922019-09-01","UT_GrandStaircaseEscalanteNM_LUP_2019_5-4_03.mdb","DBROWNING",2020-05-06 11:48:24,"DBROWNING",2020-05-06 11:48:24
"1907121234033482","1907121258409134",2019-08-10 11:00:33,"LPI",2019-07-11 18:00:00,"240",1,25,50,"cm","every 5th","cm",1,"Dead","SH01 =  ",1,"2019-09-01",NA,NA,"19071212340255922019-09-01","UT_GrandStaircaseEscalanteNM_LUP_2019_5-4_03.mdb","DBROWNING",2020-05-06 11:48:24,"DBROWNING",2020-05-06 11:48:24
"190713071824579","1907130811079923",2019-10-07 11:02:38,"LPI",2019-07-12 18:00:00,"120",1,25,50,"cm","every 5th","cm",1,"Dead","AF00 =  ",1,"2019-09-01",NA,NA,"19071307182343162019-09-01","UT_GrandStaircaseEscalanteNM_LUP_2019_5-4_03.mdb","DBROWNING",2020-05-06 11:48:24,"DBROWNING",2020-05-06 11:48:24
"1907130718244531","1907130827215117",2019-10-07 11:04:45,"LPI",2019-07-12 18:00:00,"0",1,25,50,"cm","every 5th","cm",1,"Dead","",1,"2019-09-01",NA,NA,"19071307182343162019-09-01","UT_GrandStaircaseEscalanteNM_LUP_2019_5-4_03.mdb","DBROWNING",2020-05-06 11:48:24,"DBROWNING",2020-05-06 11:48:24
"1907131309402013","1907131334386161",2019-07-13 07:51:19,"LPI",2019-07-12 18:00:00,"0",1,25,50,"cm","every 5th","cm",1,"Dead","",1,"2019-09-01",NA,NA,"19071313093952172019-09-01","UT_GrandStaircaseEscalanteNM_LUP_2019_5-4_03.mdb","DBROWNING",2020-05-06 11:48:24,"DBROWNING",2020-05-06 11:48:24
"190713130940434","19071313581198",2019-07-13 08:11:45,"LPI",2019-07-12 18:00:00,"120",1,25,50,"cm","every 5th","cm",1,"Dead","AF00 =  ",1,"2019-09-01",NA,NA,"19071313093952172019-09-01","UT_GrandStaircaseEscalanteNM_LUP_2019_5-4_03.mdb","DBROWNING",2020-05-06 11:48:24,"DBROWNING",2020-05-06 11:48:24
"1907131309404386","1907131417129317",2019-07-13 08:29:41,"LPI",2019-07-12 18:00:00,"240",1,25,50,"cm","every 5th","cm",1,"Dead","",1,"2019-09-01",NA,NA,"19071313093952172019-09-01","UT_GrandStaircaseEscalanteNM_LUP_2019_5-4_03.mdb","DBROWNING",2020-05-06 11:48:24,"DBROWNING",2020-05-06 11:48:24
"1907140744401033","1907140817215033",2019-07-14 02:31:22,"LPI",2019-07-13 18:00:00,"0",1,25,50,"cm","every 5th","cm",1,"Dead","PF1724 =  ",1,"2019-09-01",NA,NA,"19071407443997632019-09-01","UT_GrandStaircaseEscalanteNM_LUP_2019_5-4_03.mdb","DBROWNING",2020-05-06 11:48:24,"DBROWNING",2020-05-06 11:48:24
"1907140744408830","1907140837456782",2019-08-10 10:52:36,"LPI",2019-07-13 18:00:00,"120",1,25,50,"cm","every 5th","cm",1,"Dead","PF1724 =  ",1,"2019-09-01",NA,NA,"19071407443997632019-09-01","UT_GrandStaircaseEscalanteNM_LUP_2019_5-4_03.mdb","DBROWNING",2020-05-06 11:48:24,"DBROWNING",2020-05-06 11:48:24
"1907140744402783","1907140857339708",2019-07-14 03:13:33,"LPI",2019-07-13 18:00:00,"240",1,25,50,"cm","every 5th","cm",1,"Dead","AF00 =  PF1724 =  ",1,"2019-09-01",NA,NA,"19071407443997632019-09-01","UT_GrandStaircaseEscalanteNM_LUP_2019_5-4_03.mdb","DBROWNING",2020-05-06 11:48:24,"DBROWNING",2020-05-06 11:48:24
"1907150731338462","190715081001168",2019-07-15 02:29:11,"LPI",2019-07-14 18:00:00,"0",1,25,50,"cm","every 5th","cm",1,"Dead","PF1726 =  ",1,"2019-09-01",NA,NA,"19071507313265642019-09-01","UT_GrandStaircaseEscalanteNM_LUP_2019_5-4_03.mdb","DBROWNING",2020-05-06 11:48:24,"DBROWNING",2020-05-06 11:48:24
"1907150731336259","190715083243388",2019-07-15 02:47:12,"LPI",2019-07-14 18:00:00,"120",1,25,50,"cm","every 5th","cm",1,"Dead","",1,"2019-09-01",NA,NA,"19071507313265642019-09-01","UT_GrandStaircaseEscalanteNM_LUP_2019_5-4_03.mdb","DBROWNING",2020-05-06 11:48:24,"DBROWNING",2020-05-06 11:48:24
"190715073133212","1907150851296468",2019-07-15 03:03:31,"LPI",2019-07-14 18:00:00,"240",1,25,50,"cm","every 5th","cm",1,"Dead","PF1727 =  PF1726 =  ",1,"2019-09-01",NA,NA,"19071507313265642019-09-01","UT_GrandStaircaseEscalanteNM_LUP_2019_5-4_03.mdb","DBROWNING",2020-05-06 11:48:24,"DBROWNING",2020-05-06 11:48:24
"1907121234033419","1907170827442391",2019-07-17 02:34:49,"LPI",2019-07-11 18:00:00,"0",1,25,50,"cm","every 5th","cm",1,"Dead","",1,"2019-09-01",NA,NA,"19071212340255922019-09-01","UT_GrandStaircaseEscalanteNM_LUP_2019_5-4_03.mdb","DBROWNING",2020-05-06 11:48:24,"DBROWNING",2020-05-06 11:48:24
"1907130718242782","1907170838031357",2019-10-07 11:02:29,"LPI",2019-07-12 18:00:00,"0",1,25,50,"cm","every 5th","cm",1,"Dead","",1,"2019-09-01",NA,NA,"19071307182343162019-09-01","UT_GrandStaircaseEscalanteNM_LUP_2019_5-4_03.mdb","DBROWNING",2020-05-06 11:48:24,"DBROWNING",2020-05-06 11:48:24
"1907251035265348","1907251109059500",2019-07-25 05:24:52,"LPI",2019-07-24 18:00:00,"0",1,25,50,"cm","every 5th","cm",1,"Dead","",1,"2019-09-01",NA,NA,"19072510352554362019-09-01","UT_GrandStaircaseEscalanteNM_LUP_2019_5-4_03.mdb","DBROWNING",2020-05-06 11:48:24,"DBROWNING",2020-05-06 11:48:24
"1907251035263145","1907251125136571",2019-07-25 05:38:26,"LPI",2019-07-24 18:00:00,"120",1,25,50,"cm","every 5th","cm",1,"Dead","",1,"2019-09-01",NA,NA,"19072510352554362019-09-01","UT_GrandStaircaseEscalanteNM_LUP_2019_5-4_03.mdb","DBROWNING",2020-05-06 11:48:24,"DBROWNING",2020-05-06 11:48:24
"1907251035267097","1907251138327319",2019-07-25 05:54:31,"LPI",2019-07-24 18:00:00,"240",1,25,50,"cm","every 5th","cm",1,"Dead","",1,"2019-09-01",NA,NA,"19072510352554362019-09-01","UT_GrandStaircaseEscalanteNM_LUP_2019_5-4_03.mdb","DBROWNING",2020-05-06 11:48:24,"DBROWNING",2020-05-06 11:48:24
"1907261248168094","1907261335407259",2019-08-11 02:46:22,"LPI",2019-07-25 18:00:00,"120",1,25,50,"cm","every 5th","cm",1,"Dead","",1,"2019-09-01",NA,NA,"19072612481561662019-09-01","UT_GrandStaircaseEscalanteNM_LUP_2019_5-4_03.mdb","DBROWNING",2020-05-06 11:48:24,"DBROWNING",2020-05-06 11:48:24
"1907261248165437","1907261351248440",2019-08-11 02:46:19,"LPI",2019-07-25 18:00:00,"0",1,25,50,"cm","every 5th","cm",1,"Dead","AF00 =  PF1733 =  ",1,"2019-09-01",NA,NA,"19072612481561662019-09-01","UT_GrandStaircaseEscalanteNM_LUP_2019_5-4_03.mdb","DBROWNING",2020-05-06 11:48:24,"DBROWNING",2020-05-06 11:48:24
"1907261248163074","1907261404054764",2019-08-11 02:46:27,"LPI",2019-07-25 18:00:00,"0",1,25,50,"cm","every 5th","cm",1,"Dead","PF1733 =  PG1615 =  ",1,"2019-09-01",NA,NA,"19072612481561662019-09-01","UT_GrandStaircaseEscalanteNM_LUP_2019_5-4_03.mdb","DBROWNING",2020-05-06 11:48:24,"DBROWNING",2020-05-06 11:48:24
"190727082543500","190727085738206",2019-07-27 03:27:10,"LPI",2019-07-26 18:00:00,"0",1,25,50,"cm","every 5th","cm",1,"Dead","PF1733 =  AF00 =  ",1,"2019-09-01",NA,NA,"19072708254210942019-09-01","UT_GrandStaircaseEscalanteNM_LUP_2019_5-4_03.mdb","DBROWNING",2020-05-06 11:48:24,"DBROWNING",2020-05-06 11:48:24
"1907270825438297","1907270927151805",2019-08-10 10:16:09,"LPI",2019-07-26 18:00:00,"120",1,25,50,"cm","every 5th","cm",1,"Dead","PF1733 =  ",1,"2019-09-01",NA,NA,"19072708254210942019-09-01","UT_GrandStaircaseEscalanteNM_LUP_2019_5-4_03.mdb","DBROWNING",2020-05-06 11:48:24,"DBROWNING",2020-05-06 11:48:24
"1907270825432250","1907270943117431",2019-07-27 03:55:54,"LPI",2019-07-26 18:00:00,"240",1,25,50,"cm","every 5th","cm",1,"Dead","PF1733 =  AF00 =  ",1,"2019-09-01",NA,NA,"19072708254210942019-09-01","UT_GrandStaircaseEscalanteNM_LUP_2019_5-4_03.mdb","DBROWNING",2020-05-06 11:48:24,"DBROWNING",2020-05-06 11:48:24
"1907271347557225","1907271408241932",2019-07-27 08:22:11,"LPI",2019-07-26 18:00:00,"0",1,25,50,"cm","every 5th","cm",1,"Dead","AF1626 =  SH1614 =  ",1,"2019-09-01",NA,NA,"19072713475468532019-09-01","UT_GrandStaircaseEscalanteNM_LUP_2019_5-4_03.mdb","DBROWNING",2020-05-06 11:48:24,"DBROWNING",2020-05-06 11:48:24
"1907271347555022","1907271427315457",2019-07-27 08:42:30,"LPI",2019-07-26 18:00:00,"120",1,25,50,"cm","every 5th","cm",1,"Dead","",1,"2019-09-01",NA,NA,"19072713475468532019-09-01","UT_GrandStaircaseEscalanteNM_LUP_2019_5-4_03.mdb","DBROWNING",2020-05-06 11:48:24,"DBROWNING",2020-05-06 11:48:24
"1907271347558974","1907271447281903",2019-07-27 08:57:42,"LPI",2019-07-26 18:00:00,"240",1,25,50,"cm","every 5th","cm",1,"Dead","SH1614 =  AF1626 =  ",1,"2019-09-01",NA,NA,"19072713475468532019-09-01","UT_GrandStaircaseEscalanteNM_LUP_2019_5-4_03.mdb","DBROWNING",2020-05-06 11:48:24,"DBROWNING",2020-05-06 11:48:24
"190728084445697","190728092514484",2019-07-28 03:37:56,"LPI",2019-07-27 18:00:00,"0",1,25,50,"cm","every 5th","cm",1,"Dead","",1,"2019-09-01",NA,NA,"19072808444474872019-09-01","UT_GrandStaircaseEscalanteNM_LUP_2019_5-4_03.mdb","DBROWNING",2020-05-06 11:48:24,"DBROWNING",2020-05-06 11:48:24
"1907280844454649","1907280941439036",2019-07-28 03:55:21,"LPI",2019-07-27 18:00:00,"120",1,25,50,"cm","every 5th","cm",1,"Dead","",1,"2019-09-01",NA,NA,"19072808444474872019-09-01","UT_GrandStaircaseEscalanteNM_LUP_2019_5-4_03.mdb","DBROWNING",2020-05-06 11:48:24,"DBROWNING",2020-05-06 11:48:24
"1907280844452793","1907281000509997",2019-08-11 01:38:31,"LPI",2019-07-27 18:00:00,"240",1,25,50,"cm","every 5th","cm",1,"Dead","PF1652 =  AF00 =  ",1,"2019-09-01",NA,NA,"19072808444474872019-09-01","UT_GrandStaircaseEscalanteNM_LUP_2019_5-4_03.mdb","DBROWNING",2020-05-06 11:48:24,"DBROWNING",2020-05-06 11:48:24
"1907281533072121","1907281608559334",2019-07-28 10:17:55,"LPI",2019-07-27 18:00:00,"0",1,25,50,"cm","every 5th","cm",1,"Dead","",1,"2019-09-01",NA,NA,"19072815330678182019-09-01","UT_GrandStaircaseEscalanteNM_LUP_2019_5-4_03.mdb","DBROWNING",2020-05-06 11:48:24,"DBROWNING",2020-05-06 11:48:24
"1907281533079918","1907281623379528",2019-07-28 10:37:30,"LPI",2019-07-27 18:00:00,"120",1,25,50,"cm","every 5th","cm",1,"Dead","PF1738 =  ",1,"2019-09-01",NA,NA,"19072815330678182019-09-01","UT_GrandStaircaseEscalanteNM_LUP_2019_5-4_03.mdb","DBROWNING",2020-05-06 11:48:24,"DBROWNING",2020-05-06 11:48:24
"1907281533073871","190728164227794",2019-07-28 10:53:32,"LPI",2019-07-27 18:00:00,"240",1,25,50,"cm","every 5th","cm",1,"Dead","",1,"2019-09-01",NA,NA,"19072815330678182019-09-01","UT_GrandStaircaseEscalanteNM_LUP_2019_5-4_03.mdb","DBROWNING",2020-05-06 11:48:24,"DBROWNING",2020-05-06 11:48:24
"1907291103524161","1907291209588673",2019-07-29 06:28:23,"LPI",2019-07-28 18:00:00,"120",1,25,50,"cm","every 5th","cm",1,"Dead","",1,"2019-09-01",NA,NA,"19072911035151822019-09-01","UT_GrandStaircaseEscalanteNM_LUP_2019_5-4_03.mdb","DBROWNING",2020-05-06 11:48:24,"DBROWNING",2020-05-06 11:48:24
"1907291103526244","1907291232082104",2019-07-29 06:46:39,"LPI",2019-07-28 18:00:00,"240",1,25,50,"cm","every 5th","cm",1,"Dead","",1,"2019-09-01",NA,NA,"19072911035151822019-09-01","UT_GrandStaircaseEscalanteNM_LUP_2019_5-4_03.mdb","DBROWNING",2020-05-06 11:48:24,"DBROWNING",2020-05-06 11:48:24
"1907300824453110","1907300905114665",2019-07-30 03:22:21,"LPI",2019-07-29 18:00:00,"0",1,25,50,"cm","every 5th","cm",1,"Dead","",1,"2019-09-01",NA,NA,"19073008244487192019-09-01","UT_GrandStaircaseEscalanteNM_LUP_2019_5-4_03.mdb","DBROWNING",2020-05-06 11:48:24,"DBROWNING",2020-05-06 11:48:24
"190730082445908","190730092712460",2019-07-30 03:38:35,"LPI",2019-07-29 18:00:00,"120",1,25,50,"cm","every 5th","cm",1,"Dead","PF1726 =  ",1,"2019-09-01",NA,NA,"19073008244487192019-09-01","UT_GrandStaircaseEscalanteNM_LUP_2019_5-4_03.mdb","DBROWNING",2020-05-06 11:48:24,"DBROWNING",2020-05-06 11:48:24
"1907300824454860","1907300943106260",2019-07-30 03:53:37,"LPI",2019-07-29 18:00:00,"240",1,25,50,"cm","every 5th","cm",1,"Dead","",1,"2019-09-01",NA,NA,"19073008244487192019-09-01","UT_GrandStaircaseEscalanteNM_LUP_2019_5-4_03.mdb","DBROWNING",2020-05-06 11:48:24,"DBROWNING",2020-05-06 11:48:24
"1907301200327021","190730123706629",2019-08-11 02:34:55,"LPI",2019-07-29 18:00:00,"0",1,25,50,"cm","every 5th","cm",1,"Dead","SH1616 =  ",1,"2019-09-01",NA,NA,"19073012003183612019-09-01","UT_GrandStaircaseEscalanteNM_LUP_2019_5-4_03.mdb","DBROWNING",2020-05-06 11:48:24,"DBROWNING",2020-05-06 11:48:24
"1907301200324818","190730125515166",2019-07-30 07:07:40,"LPI",2019-07-29 18:00:00,"120",1,25,50,"cm","every 5th","cm",1,"Dead","SH1616 =  ",1,"2019-09-01",NA,NA,"19073012003183612019-09-01","UT_GrandStaircaseEscalanteNM_LUP_2019_5-4_03.mdb","DBROWNING",2020-05-06 11:48:24,"DBROWNING",2020-05-06 11:48:24
"1907301200328770","1907301310369322",2019-07-30 07:23:55,"LPI",2019-07-29 18:00:00,"240",1,25,50,"cm","every 5th","cm",1,"Dead","SH1616 =  ",1,"2019-09-01",NA,NA,"19073012003183612019-09-01","UT_GrandStaircaseEscalanteNM_LUP_2019_5-4_03.mdb","DBROWNING",2020-05-06 11:48:24,"DBROWNING",2020-05-06 11:48:24
"1908071327113053","1908071348556647",2019-08-07 08:02:56,"LPI",2019-08-06 18:00:00,"0",1,25,50,"cm","every 5th","cm",1,"Dead","",1,"2019-09-01",NA,NA,"1908071327103232019-09-01","UT_GrandStaircaseEscalanteNM_LUP_2019_5-4_03.mdb","DBROWNING",2020-05-06 11:48:24,"DBROWNING",2020-05-06 11:48:24
"190807132711851","1908071406064886",2019-08-07 08:15:56,"LPI",2019-08-06 18:00:00,"120",1,25,50,"cm","every 5th","cm",1,"Dead","SH01 =  PF1742 =  ",1,"2019-09-01",NA,NA,"1908071327103232019-09-01","UT_GrandStaircaseEscalanteNM_LUP_2019_5-4_03.mdb","DBROWNING",2020-05-06 11:48:24,"DBROWNING",2020-05-06 11:48:24
"1908071327114802","1908071421347778",2019-08-07 08:33:15,"LPI",2019-08-06 18:00:00,"240",1,25,50,"cm","every 5th","cm",1,"Dead","PF1742 =  SH01 =  ",1,"2019-09-01",NA,NA,"1908071327103232019-09-01","UT_GrandStaircaseEscalanteNM_LUP_2019_5-4_03.mdb","DBROWNING",2020-05-06 11:48:24,"DBROWNING",2020-05-06 11:48:24
"190808082444919","190808085331424",2019-08-08 03:03:18,"LPI",2019-08-07 18:00:00,"0",1,25,50,"cm","every 5th","cm",1,"Dead","",1,"2019-09-01",NA,NA,"19080808244384022019-09-01","UT_GrandStaircaseEscalanteNM_LUP_2019_5-4_03.mdb","DBROWNING",2020-05-06 11:48:24,"DBROWNING",2020-05-06 11:48:24
"1908080824448715","1908080907405062",2019-08-08 03:20:53,"LPI",2019-08-07 18:00:00,"120",1,25,50,"cm","every 5th","cm",1,"Dead","",1,"2019-09-01",NA,NA,"19080808244384022019-09-01","UT_GrandStaircaseEscalanteNM_LUP_2019_5-4_03.mdb","DBROWNING",2020-05-06 11:48:24,"DBROWNING",2020-05-06 11:48:24
"1908080824442668","1908080926164966",2019-08-08 03:34:19,"LPI",2019-08-07 18:00:00,"240",1,25,50,"cm","every 5th","cm",1,"Dead","",1,"2019-09-01",NA,NA,"19080808244384022019-09-01","UT_GrandStaircaseEscalanteNM_LUP_2019_5-4_03.mdb","DBROWNING",2020-05-06 11:48:24,"DBROWNING",2020-05-06 11:48:24
"1907291103526364","190810151841911",2019-08-10 10:48:34,"LPI",2019-07-28 18:00:00,"0",1,25,50,"cm","every 5th","cm",1,"Dead","AF00 =  ",1,"2019-09-01",NA,NA,"19072911035151822019-09-01","UT_GrandStaircaseEscalanteNM_LUP_2019_5-4_03.mdb","DBROWNING",2020-05-06 11:48:24,"DBROWNING",2020-05-06 11:48:24
